"|","|__CompanyName1","|__CompanyName2","|__Tel","|__Address1","|__Email","|__BusinessHours","|__Charges","|__SportType","|__SportType1","|__CompanyNo","|__LatLng"
"1","天外奇肌有限公司","Banana Fitness","02 2592 1050","臺北市大同區重慶北路3段99號","bananafitnesstw@gmail.com","12:00:00-21:00:00","","09 運動場館或設施營建業","運動訓練","85074896","25.0668907,121.5117601"
"2","魅力四射演藝有限公司","魅力四射舞蹈瑜珈","02 2312 1775","臺北市萬華區漢口街2段7號1樓","wangong@meidance.com","10:00:00-22:00:00","","04 運動表演業","舞蹈","28002009","25.045422,121.508402"
"3","喬菲立有限公司","Curves石牌店","02 2820 0250","臺北市北投區裕民六路120號5樓","Curvesma0107@curves.com.tw","09:30:00-11:30:00 15:30:00-21:","","09 運動場館或設施營建業","健身房","25128270","25.114535,121.5154595"
"4","佑英有限公司","Curves西門漢中店","02 2361 2327","臺北市萬華區漢中街157號2樓","","11:30:00-13:00:00 13:00:00-15:","","09 運動場館或設施營建業","健身房","54155901","25.041502,121.5049843"
"5","佳仕旺國際有限公司","Curves信義永康店","02 3322 2610","臺北市大安區信義路2段222號2樓","yongkang@curves.com.tw","11:00:00-13:00:00 15:30:00-21:","","09 運動場館或設施營建業","健身房","29054026","25.033409,121.5291783"
"6","艾爾法國際事業有限公司","愛表現","02 2721 6262","臺北市中山區朱崙街60號B1","","12:00:00-21:00:00","","09 運動場館或設施營建業","健身房","42624865","25.0498558,121.5413939"
"7","三維動智有限公司","FMA","02 2518 3504","臺北市中山區民權東路2段142號5樓","foundation.movement.acadomy.@gmail.com","預約制","","09 運動場館或設施營建業","體適能","52441801","25.0623317,121.5314596"
"8","奕揚國際有限公司","Curves東湖店","02 2631 0798","臺北市內湖區東湖路33巷17號1樓","donghu@curves.con.tw","11:00:00-21:00:00","","09 運動場館或設施營建業","健身房","24565225","25.0697738,121.6111212"
"9","神氣小虎有限公司","神氣小虎有限公司","02 8866 3655","臺北市士林區士東路274號","perkypiger28767002@gmail.com","09:00:00-20:00:00","","09 運動場館或設施營建業","兒童體操","50867421","25.1133427,121.5347586"
"10","歐貝有限公司","Curves中山錦州店","02 2523 2488","臺北市中山區中山北路2段115巷45號","Jinzhou@curves.com.tw","11:45:00-13:00:00 13:00:00-15:","","09 運動場館或設施營建業","健身房","53119415","25.0609678,121.5224784"
"11","三衡一樹健康事業有限公司","Curves和平科技店","02 2755 1581","臺北市大安區和平東路2段257號3樓","jerry@curves.com.tw","10:30:00-13:30:00 13:30:00-21:","","09 運動場館或設施營建業","健身房","53524316","25.0250097,121.5416423"
"12","優競健身事業股份有限公司","UFC GYM","02 8773 3772","臺北市大安區安和路1段27號地下2樓","amber.wn.niou@ufc.gym.com.tw","07:00:00-24:00:00","","09 運動場館或設施營建業","健身房","52467800","25.0393202,121.5482843"
"13","筋肉體適能事業有限公司","JZ fitness","02 2771 8400","臺北市大安區忠孝東路4段155號7樓","","私人運動班 預約制","","09 運動場館或設施營建業","健身房","24959142","25.0417426,121.5478217"
"14","適合進步有限公司","","","臺北市大安區樂業街10號","","預約制","","09 運動場館或設施營建業","體適能","85014645","25.024065,121.5476231"
"15","蕙富瑞奇有限公司","體能休閒空間","02 2882 7460","臺北市士林區文林路205號3樓","","會員預約制","","09 運動場館或設施營建業","健身房","52486932","25.0901023,121.5248121"
"16","優勢開發管理顧問有限公司","YOUTH YOGA","02 8773 3833","臺北市內湖區瑞光路550號1樓","cs@youth-fitness.com","07:00:00-23:00:00","","09 運動場館或設施營建業","健身房","52463277","25.0797976,121.5647586"
"17","香港商五十佳健康事業股份有限公司","香港商五十佳健康事業股份有限公司","","臺北市中山區南京東路1段138號9樓","","預約制","","09 運動場館或設施營建業","瑜珈","24806054","25.0519207,121.5251899"
"18","超越體能顧問有限公司","超越體能","02 2715 2733","臺北市松山區南京東路4段17號地下一層","","09:00:00-22:00:00","","09 運動場館或設施營建業","健身房","24928211","25.0519269,121.5478873"
"19","躍動健康事業股份有限公司","運動家運動生活館","02 2651 5365","臺北市南港區興華路77號","athletesfitnesshome@gmail.com","08:00:00-23:00:00","","09 運動場館或設施營建業","健身房","85092655","25.0552523,121.6039133"
"20","拳能健身有限公司","拳能健身有限公司","0960 399 999","臺北市中山區樂群三路77號2樓","","預約制","","09 運動場館或設施營建業","體適能","82796836","25.0827929,121.5516309"
"21","喬大高爾夫學苑股份有限公司","喬大高爾夫學苑股份有限公司","02 2858 2677","臺北市北投區大度路3段165號","allenchang@khouse.com.tw","06:00:00-23:00:00","","09 運動場館或設施營建業","高爾夫球","97314301","25.1213242,121.4705162"
"22","山集有限公司","小大師體操俱樂部","02 2931 4520","臺北市文山區羅斯福路6段68號1樓","siaodashih@gmail.com","09:00:00-12:00:00 14:00:00-21:","","09 運動場館或設施營建業","體適能","50759886","24.9985968,121.5379508"
"23","普瑞特斯有限公司","正能量Fitness","02 8797 2666","臺北市內湖區內湖路1段322號2樓","positivepositve16@gmail.com","09:00:00-21:00:00","","09 運動場館或設施營建業","體適能","43876868","25.0816028,121.5676585"
"24","博愛創意股份有限公司","草山樂活建康工作室","02 2862 2256","臺北市中山區林森北路351號22樓之1","","預約制","","12 運動保健業","體適能","55822711","25.0569603,121.5234746"
"25","放手做有限公司","To Do Fitness","02 2712 0081","臺北市松山區南京東路4段15號3樓之1","todofitness0914@gmail.com","09:00:00-22:00:00","","09 運動場館或設施營建業","健身房","82814840","25.0519231,121.5478453"
"26","觀示苑股份有限公司","觀示苑SPACE CYCLE","02 2773 8108","臺北市大安區仁愛路4段200號13樓","legalwithinstace@gmail.com","06:00:00-23:00:00","","09 運動場館或設施營建業","瑜珈","27546052","25.0373449,121.5536482"
"27","艾倫運動管理顧問有限公司","Boxing One 中山拳館","02 3322 1623","臺北市中正區忠孝東路1段138號5樓","support@boxing-one.com","11:00:00-22:00:00","","09 運動場館或設施營建業","泰拳","53101105","25.0440642,121.5233296"
"28","史達特有限公司","Start Fitness","02 2358 1686","臺北市大安區金山南路2段134號","startlifefitness134@gmail.com","08:00:00-22:00:00","","09 運動場館或設施營建業","健身房","82877582","25.0296039,121.5240743"
"29","尖乒運動行銷股份有限公司","大台北桌球會館","02 2769 5965","臺北市松山區南京東路5段46號地下樓","yctu1952@gmail.com","預約制","","09 運動場館或設施營建業","桌球","53942347","25.0512944,121.557648"
"30","巨石動力有限公司","SomebodyFitness 建國店","02 2778 6385","臺北市中山區建國北路1段38號B1","","預約制","","09 運動場館或設施營建業","健身房","50869841","25.0474167,121.5340725"
"31","推動力運動顧問有限公司","推力運動空間","","臺北市大安區和平東路2段163號1樓","","10:00:00-21:00:00","","09 運動場館或設施營建業","健身房","24751059","25.0253294,121.5393463"
"32","麥克王運動訓練有限公司","麥克王運動訓練班","02 2658 0170","臺北市內湖區江南街65巷6號1樓","michaelwangfitnesstraining@gmail.com","預約制","","09 運動場館或設施營建業","體適能","52210386","25.0773153,121.5761414"
"33","渴望健康有限公司","渴望 健康訓護中心","02 2391 1933","臺北市中正區信義路2段79巷28號1樓","justyearn1933@gmail.com","07:00:00-20:00:00","","09 運動場館或設施營建業","體適能","24942776","25.035736,121.5247377"
"34","降龍總武股份有限公司","降龍總武","02 2322 2699","臺北市中正區杭州南路1段10號地下室","","14:30:00-22:30:00","","09 運動場館或設施營建業","武術","82800557","25.0430557,121.5242503"
"35","妮飛體適能事業股份有限公司","妮飛體適能","02 26271096","臺北市內湖區瑞湖街99號1樓","nifei201601@gmail.com","11:00:00-21:00:00","","09 運動場館或設施營建業","體適能","52311259","25.0734454,121.5739559"
"36","耶和華以樂有限公司","Jessica's Fitness","919774104","臺北市南港區中南街140之5號1樓","","08:00:00-22:00:00","","09 運動場館或設施營建業","體適能","50907113","25.0518668,121.6126933"
"37","鑫趨勢運動事業有限公司","PULSE Gym台北中山店","02 2552 2892","臺北市大同區南京西路30號2樓","","10:00:00-23:00:00","","09 運動場館或設施營建業","體適能","54942865","25.0525979,121.5176836"
"38","菲力士國際企業有限公司","雪地運動用品","","臺北市內湖區內湖路1段120巷21號1樓","","09:00:00-18:00:00","","10 運動用品或器材製造、批發及零售業","極限運動","22457592","25.081735,121.56236"
"39","達文西育樂有限公司","curves信義通化店","02 2704 3470","臺北市大安區信義路4段263號3樓之1","Tonghua@curves.com.tw","10:30:00-13:30:00 15:30:00-20:","","09 運動場館或設施營建業","健身房","28852156","25.033415,121.5519189"
"40","飛特體能顧問有限公司","飛特體能顧問有限公司","02 2791 7029","臺北市內湖區金湖路16號1樓","minyen214@gmail.com","09:00:00-22:00:00","","09 運動場館或設施營建業","健身房","52489109","25.0833641,121.5937776"
"41","冠競健康事業股份有限公司","UFC GYM TAIWAN","02 2799 6666","臺北市內湖區洲子街55-57號1樓","yoyo.sy.chiang@ufcgym.com.tw","學員制","","09 運動場館或設施營建業","健身房","42991995","25.0791881,121.5734479"
"42","智庫健身股份有限公司","健身魂 soul fit","02 8663 2713","臺北市文山區興隆路3段71號及地下","","07:00:00-24:00:00","","09 運動場館或設施營建業","健身房","85110723","25.0001004,121.5543378"
"43","極塑股份有限公司","極塑股份有限公司(西們店)","02 2312 0489","臺北市中山區建國北路二段123號2樓","","09:00:00-22:00:00","","09 運動場館或設施營建業","健身房","24982431","25.059973299424787, 121.53739164008704"
"44","耀正佳德股份有限公司","Boxing+ welless center","02 2521 1798","臺北市中山區南京東路2段8號地下1樓","edit@boxingplus.com.tw","09:00:00-22:00:00","","09 運動場館或設施營建業","武術","24753140","25.0519049,121.5264092"
"45","馳洋有限公司","Curves內湖成功店","02 2794 8659","臺北市內湖區成功路4段34號2樓","Neihu@Curves.com.tw","11:00:00-20:30:00","","09 運動場館或設施營建業","健身房","24777608","25.0818161,121.5894877"
"46","艾斯克健身有限公司","健身活 Living Fitness","02 2100 1680","臺北市中山區林森北路96號2樓","LivingFitness96@gmail.com","10:00:00-22:30:00","","09 運動場館或設施營建業","健身房","83835246","25.0500909,121.5224972"
"47","原力健康事業股份有限公司","Force Fitness 中正店","02 2396 9996","臺北市中正區南昌路2段192號2樓之1.之2","ForceFitness05@gmail.com","11:30:00-22:30:00","","09 運動場館或設施營建業","健身房","24758150","25.0242876,121.5218197"
"48","褒綠美股份有限公司","我的樂活生活館","02 2361 1315","臺北市中正區襄陽路13之5號4樓","lohans23611315@gmail.com","預約制","","09 運動場館或設施營建業","體適能","53936823","25.0435425,121.5133156"
"49","好習慣健康企業有限公司","好習慣運動教室","02 2716 8620","臺北市松山區復興北路217號","","09:00:00-22:00:00","","09 運動場館或設施營建業","健身房","50771517","25.0566583,121.5422398"
"50","英屬維京群島商維利優健身有限公司","Viva fit","02 2752 3111","臺北市大安區復興南路1段213號6樓","t001@vivafit.com.tw","07:30:00-21:30:00","","09 運動場館或設施營建業","健身房","54388205","25.039305,121.5417646"
"51","烈焰運動事業有限公司","TMMA台北格鬥運動館內科館","02 2658 1177","臺北市內湖區內湖路1段411巷10之2號","tangai_wu@tmma.com.tw","09:30:00-22:00:00","","09 運動場館或設施營建業","綜合武術格鬥","50751054","25.0824808,121.5688393"
"52","美日瑜珈有限公司","美日瑜珈有限公司","","臺北市中山區長安東路2段62號3樓","","預約制","","09 運動場館或設施營建業","瑜珈","82832896","25.0483455,121.5312445"
"53","艾德蒙健身有限公司","XareFIT 享健身","","臺北市大安區信義路4段199巷3號地下","","課程制","","09 運動場館或設施營建業","健身房","24577600","25.0336986,121.549557"
"54","曲律國際有限公司","曲律國際有限公司","","臺北市萬華區青年路30巷2之3號","","預約制","","09 運動場館或設施營建業","健身房","42626293","25.0265837,121.5033002"
"55","萊珂運動有限公司","萊珂運動有限公司","","臺北市內湖區文德路22巷39號1樓","","學員預約制","","08 運動經紀、管理顧問或行政管理業","溜冰","82870814","25.0762762,121.5780062"
"56","摩爾菲特國際有限公司","More Fit","02 2339 0002","臺北市中正區三元街200號1樓","","預約制","","09 運動場館或設施營建業","健身房","52597727","25.0276581,121.509758"
"57","馬拉松創意生活有限公司","森林跑站","02 2321 8834","臺北市大安區新生南路2段60號","service@rumbase.com.tw","08:00:00-21:00:00","","01 職業或業餘運動業","體適能","42621889","25.028465,121.5319443"
"58","金霸泰拳有限公司","king box muay thai center","","臺北市松山區南京東路4段45號2樓之1","","課程制","","09 運動場館或設施營建業","武術","50906206","25.051927,121.5485683"
"59","麥威肌力體能股份有限公司","MY WAY","02 8772 4271","臺北市中山區復興南路1段2號地下1樓","mywayfitnesssc@gmail.com","07:00:00-24:00:00","","09 運動場館或設施營建業","健身房","42996350","25.0471223,121.5414462"
"60","柔昱健康事業有限公司","Royal yoga","02 2364 6433","臺北市大安區羅斯福路2段91號地下1樓","","07:00:00-22:00:00","","09 運動場館或設施營建業","舞蹈","25108387","25.022693,121.5240783"
"61","匹塔有限公司","PEETA FITNESS","02 2541 0279","臺北市中山區長安東路2段53號2樓","peetagage@gmail.com","10:00:00-22:00:00","","09 運動場館或設施營建業","體適能","24927923","25.0485887,121.5304475"
"62","世紀星國際滑冰有限公司","世紀星滑冰世界","02 7726 6786","臺北市中山區敬業三路123號3樓","","11:00:00-22:00:00","","08 運動經紀、管理顧問或行政管理業","溜冰","53917065","25.0810846,121.5532756"
"63","星瑞運動有限公司","星瑞運動有限公司","","臺北市內湖區文德路22巷39號1樓","","學員預約制","","08 運動經紀、管理顧問或行政管理業","溜冰","82870835","25.0762762,121.5780062"
"64","思伯有限公司","Curves文林店","02 2837 0020","臺北市士林區文林路762號2樓","zhishan@curves.com.tw","15:00:00-21:00:00","","09 運動場館或設施營建業","健身房","50785792","25.103524,121.5176033"
"65","六藝瑜伽事業有限公司","六藝瑜伽事業有限公司","","臺北市中山區建國北路3段80巷2號8樓","","預約制","","13 其他經中央主管機關認定之產業","瑜珈","42637931","25.0657154,121.5333082"
"66","好庭有限公司","Melody fitness studio","","臺北市大安區信義路4段151號7樓之3","","預約制","","09 運動場館或設施營建業","體適能","52655958","25.0334437,121.5476313"
"67","怪獸健身實業股份有限公司","怪獸健身實業股份有限公司","","臺北市松山區民生東路4段53號7樓","","預約制","","09 運動場館或設施營建業","健身房","66661419","25.058193, 121.550411"
"68","光之舞科技運動有限公司","light worker 私人運動招待所","02 8501 5881","臺北市中山區樂群二路187號5樓之2","lightworker0506@gmail.com","預約制","","09 運動場館或設施營建業","體適能","45040506","25.0799656,121.556332"
"69","戴特有限公司","Curves北投店","02 2893 6585","臺北市北投區磺港路8號4樓-8之1號4樓","Beitou@Curves.com.tw","09:00:00-11:30:00 15:00:00-20:","","09 運動場館或設施營建業","健身房","53917092","25.133249,121.4999063"
"70","誠觀有限公司","昊元仙宗","","臺北市中山區長安東路1段21號11樓","","學員預約制","","09 運動場館或設施營建業","武術","53555416","25.0497068,121.5211275"
"71","喬傑瑞國際有限公司","瘋動健身工作室 Hive fitness","02 2234 6334","臺北市文山區興隆路4段54之8號1樓","Hivefitnesstw@gmail.com","預約制","","09 運動場館或設施營建業","健身房","55838713","24.9858483,121.5588435"
"72","孚榮哥有限公司","Curves市府永春店","02 2756 6078","臺北市信義區忠孝東路5段259號3樓","Yongchun@Curves.com.tw","學員預約制","","09 運動場館或設施營建業","健身房","24575672","25.0411869,121.5685963"
"73","賦能整合運動顧問股份有限公司","enable賦能運動科學","02 2713 0678","臺北市松山區南京東路4段21號3樓之2","enable.ptsc@gmail.com","預約制","","09 運動場館或設施營建業","健身房","50901309","25.0519643,121.5481702"
"74","群安健康事業有限公司","群康皮拉提斯","02 2706 8858","臺北市大安區復興南路1段283號8樓","smartcaredn@gmail.com","學員預約制","","09 運動場館或設施營建業","體適能","43642291","25.0355132,121.5417387"
"75","台灣智慧尖端科技股份有限公司","台灣智慧尖端科技股份有限公司","","臺北市中山區中原街3號","","學員預約制","","09 運動場館或設施營建業","體適能","43736353","25.0552686,121.5267209"
"76","博俊體能事業有限公司","KAT Fitness","02 2765 6586","臺北市信義區永吉路302號地下之1","katfitnessgym@gmail.com","學員預約制","","09 運動場館或設施營建業","健身房","52895009","25.0453259,121.5726892"
"77","玉悍有限公司","Core space","02 2706 8090","臺北市大安區復興南路2段27號地下一層之1至之37","","08:00:00-22:00:00","","09 運動場館或設施營建業","健身房","42861493","25.0320868,121.5416704"
"78","超越健身工坊有限公司","超越健身工坊","02 2711 5926","臺北市大安區安和路1段21巷7號","surpusstaipei@gmail.com","預約制","","09 運動場館或設施營建業","健身房","24972573","25.0395782,121.5482475"
"79","波恩體能訓練有限公司","波克萊體能顧問","02 2721 6675","臺北市大安區和平東路3段406巷8號","dvdntrsfit.info@gmail.com","學員預約制","","09 運動場館或設施營建業","體適能","24944269","25.018484, 121.557997"
"80","超悅股份有限公司","超悅建身中心","02 2388 4898","臺北市中正區愛國西路9號地下1層","","07:30:00-22:30:00","","09 運動場館或設施營建業","健身房","50779258","25.0373206,121.5055921"
"81","三人行運動事業有限公司","WTF wow training fitness","02 2773 8338","臺北市大安區仁愛路4段27巷18號1樓","wowtrainingfitness@gmail.com","13:00:00-22:00:00","","09 運動場館或設施營建業","健身房","85132220","25.0400887,121.5428693"
"82","維康生活股份有限公司","前勁體能訓練中心","02 2785 9791","臺北市南港區忠孝東路5段970號地下","akrofitnessto@gmail.com","08:00:00-22:00:00 09:00:00-17:","","09 運動場館或設施營建業","健身房","66478095","25.044263,121.5801253"
"83","菲妮絲有限公司","Curves社子延平店","02 2813 3066","臺北市士林區延平北路5段307號2樓","shezi@curves.com.tw","14:30:00-20:30:00","","09 運動場館或設施營建業","健身房","52872012","25.0862249,121.5070759"
"84","生命焠鍊體能顧問有限公司","TLF淬鍊體能訓練中心","02 8771 5792","臺北市大安區忠孝東路4段303號地下一層","tlfservice@gmail.com.tw","學員預約制","","09 運動場館或設施營建業","健身房","24972341","25.0416,121.5532213"
"85","怪獸健力有限公司","怪獸健力有限公司(永和)","02 2922 7277","臺北市松山區民生東路4段53號7樓","","06:00:00-00:00:00","","09 運動場館或設施營建業","健身房","42652587","25.0580088,121.5482224"
"86","承華有限公司","承華武學","0935 879 383","臺北市中山區市民大道3段33號1樓","","預約班","","09 運動場館或設施營建業","武術","50796361","25.0452461,121.5321554"
"87","康璽運動行銷有限公司","猴子體能訓練","02 2531 1228","臺北市中山區松江路276號6樓","monkeytrainingg@gmail.com","09:00:00-22:00:00","","09 運動場館或設施營建業","體適能","50862615","25.0598613,121.5307616"
"88","新動力體能顧問有限公司","New fitness","02 2577 6646","臺北市松山區八德路3段210號4樓","newfitness.wade@gmail.com","09:00:00-22:00:00","","08 運動經紀、管理顧問或行政管理業","運動顧問","85014687","25.0479218,121.5545234"
"89","鑫琞股份有限公司","練一下GYMCUBE","02 2790 6068","臺北市內湖區成功路3段145號B1","","07:00:00-24:00:00","","09 運動場館或設施營建業","健身房","52588115","25.07958,121.5878192"
"90","奧塞利斯運動事業有限公司","奧塞利斯運動事業有限公司","02 2732 6387","臺北市信義區基隆路2段51號地下1樓","","10:00:00-22:00:00","","09 運動場館或設施營建業","健身房","82953188","25.0309321,121.5562803"
"91","超越健康事業有限公司","超越健康事業有限公司","02 2362 0233","臺北市大安區羅斯福路2段81巷1號5樓","","預約制","","09 運動場館或設施營建業","體適能","42990855","25.0259882,121.5216537"
"92","睿盛運動有限公司","PRIDE Football Club","02 2536 6003","臺北市中山區松江路200號2樓","info@pridefc.com.tw","09:30:00-18:30:00","","09 運動場館或設施營建業","足球","69376425","25.0573022,121.5306429"
"93","樂適能健康運動事業有限公司","Joysport 樂適能運動","02 2766 6682","臺北市松山區民生東路5段137巷4弄37號1樓","","10:00:00-21:00:00","","09 運動場館或設施營建業","健身房","55622951","25.059978,121.5607642"
"94","佳佰曆國際有限公司","Curves捷運中山店","02 2555 3149","臺北市大同區承德路1段77之1號2樓","Zhongshan@Curves.com.tw","11:30:00-13:30:00 13:30:00-16:","","09 運動場館或設施營建業","健身房","53927325","25.05228,121.5154953"
"95","森蒲有限公司","Energym","02 3765 1375","臺北市松山區南京東路5段123巷1弄4號1樓","energym.taipei@gmail.com","10:00:00-22:00:00","","08 運動經紀、管理顧問或行政管理業","運動顧問","55675703","25.0519124,121.5583294"
"96","力康健康事業股份有限公司","力康健康","02 2658 0866","臺北市內湖區內湖路1段356-358號2樓","","預約制","","09 運動場館或設施營建業","體適能","53315325","25.081494,121.5682707"
"97","新創智慧健康事業股份有限公司","X tron 新創智慧健身","02 2700 9577","臺北市大安區復興南路2段157號地下","swrbice@xtron.com.tw","07:00:00-24:00:00","","09 運動場館或設施營建業","健身房","43903099","25.028473, 121.543770"
"98","好時良身有限公司","好時良身有限公司","","臺北市大安區羅斯福路2段91號14樓之3","","預約制","","09 運動場館或設施營建業","體適能","82802767","25.025567, 121.524066"
"99","強大肌力訓練中心有限公司","強大肌力訓練中心有限公司","02 2627 5282","臺北市內湖區內湖路1段579號","workinlab2018@gmail.com","17:00:00-22:00:00","","09 運動場館或設施營建業","健身房","55852051","25.081282, 121.572810"
"100","勝立健身業股份有限公司","魔力夢工廠","02 2591 1958","臺北市中山區撫順街16號","magicdreamworkfitnesstp@gmail.com","10:00:00-21:00:00","","09 運動場館或設施營建業","健身房","50797045","25.063702, 121.520328"
"101","艾珈林有限公司","艾珈林有限公司(士林)","02 2832 1300","臺北市士林區中正路287號3樓","","07:00:00-21:30:00","","09 運動場館或設施營建業","瑜珈","52485080","25.094987, 121.524021"
"102","薩摩亞商力博有限公司","怪獸肌力&體能訓練中心","02 2365 3817","臺北市中正區思源街1號","","預約制","","09 運動場館或設施營建業","健身房","24803253","25.012775, 121.530005"
"103","狂潮健身事業有限公司","Fitmania健身狂潮","02 8786 4488","臺北市信義區信義路4段456號地下一樓","fitmania456@gmail.com","08:00:00-23:45:00","","09 運動場館或設施營建業","健身房","82872257","25.033075, 121.558171"
"104","本部槓鈴有限公司","Barbell University","02 8866 6015","臺北市士林區福國路100之3號","j.yao.huang77@gmail.com","10:00:00-22:00:00","","09 運動場館或設施營建業","健身房","50793836","25.102721, 121.521921"
"105","天秤健康事業有限公司","天秤健康事業有限公司","02 28381988","臺北市士林區士東路200巷55號1樓","","11:00:00-20:00:00","","09 運動場館或設施營建業","健身房","55849205","25.110895, 121.534020"
"106","提爾健身有限公司","Refine Fitness 松江南京店","02 2568 4892","臺北市中山區南京東路2段97號地下1樓","","09:00:00-21:00:00","","09 運動場館或設施營建業","體適能","55849768","25.052474, 121.532227"
"107","國揚健康事業有限公司","核心肌地","02 2726 7376","臺北市信義區松德路65號地下層","undergrourdfitness.taipei@gmail.com","07:00:00-24:00:00","","09 運動場館或設施營建業","健身房","82807849","25.038688, 121.576688"
"108","風暴體適能股份有限公司","Hongtai CrossFit","02 2783 0321","臺北市南港區南港路3段215號、217號","info@HongtaiCrossFit.com.tw","07:00:00-22:00:00 06:00:00-22:","","09 運動場館或設施營建業","健身房","50756826","25.0513857,121.5784743"
"109","欣未來股份有限公司","Pro poss","","臺北市大安區忠孝東路4段218之1號3樓 ","","預約制","","09 運動場館或設施營建業","健身房","85132426","25.038258, 121.556396"
"110","藍陽國際有限公司","GYMEFIT","02 8787 8277","臺北市信義區基隆路1段25號1樓","","10:00:00-22:00:00","","09 運動場館或設施營建業","健身房","50868955","25.048583, 121.569112"
"111","柏鑫健康事業股份有限公司","健身工廠 信義場","02 8786 1966","臺北市信義區松壽路22號4樓","","06:00:00-24:00:00","","09 運動場館或設施營建業","健身房","53334913","25.035698, 121.567849"
"112","壹神體育用品有限公司","FIT IN","0926 996 972","臺北市中山區復興北路344號3樓","","學員預約制","","09 運動場館或設施營建業","健身房","42830788","25.059999, 121.543978"
"113","雍天盛國際有限公司","Curves忠孝敦化店","02 2721 8828","臺北市大安區忠孝東路4段250號2樓之3","Dunhua@curves.com.tw","11:00:00-13:30:00 16:00:00-20:","","09 運動場館或設施營建業","健身房","50903019","25.041427, 121.554148"
"114","拿去輪有限公司","無限體育教室","0973 330 682","臺北市內湖區文德路61號","","學員預約制","","09 運動場館或設施營建業","體適能","83807656","25.078845, 121.581744"
"115","力昂智能健身有限公司","河馬力士","02 2563 1725","臺北市中山區南京東路2段100號B1","hippolesgym@gmail.com","07:00:00-23:00:00","","09 運動場館或設施營建業","健身房","50907351","25.052004, 121.531967"
"116","瑪思特健康事業有限公司","瑪思特","02 2728 2166","臺北市信義區大道路49巷11號1樓","masthealth2019@gmail.com","10:00:00-22:00:00","","09 運動場館或設施營建業","體適能","82812619","25.042082, 121.582616"
"117","跑者肌地有限公司","跑者肌地有限公司","0930 792 287","臺北市中山區新生北路三段84巷47號1樓","","預約制","","09 運動場館或設施營建業","體適能","50996712","25.067760931008063, 121.52607848426315"
"118","專屬健議有限公司","專屬健議","02 2821 3120","臺北市北投區明德路11號1樓","","09:00:00-22:00:00","","09 運動場館或設施營建業","健身房","50877379","25.107042, 121.517160"
"119","宸光體適能有限公司","自由重量","02 2556 2056","臺北市大同區鄭州路119號地下1層","","24HR","","09 運動場館或設施營建業","健身房","54956987","25.050430, 121.510979"
"120","跨越體適能有限公司","體育客和平店","02 8732 6645","臺北市信義區和平東路3段333號地下","1st.Fitness.hp@gmail.com","07:00:00-22:00:00","","09 運動場館或設施營建業","健身房","24747555","25.021111, 121.556375"
"121","碩妃健康事業股份有限公司","SOFIT","02 7725 9899","臺北市中山區民權東路3段2號15樓","sofit.hrm@gmail.com","私人運動班 預約制","","09 運動場館或設施營建業","健身房","50867695","25.062246, 121.537830"
"122","豪漢實業股份有限公司","好好建身","02 2395 1385","臺北市大安區信義路2段36號","fit4life@.howhow.com","11:00:00-22:00:00","","09 運動場館或設施營建業","健身房","82808848","25.034691, 121.525577"
"123","皇家官邸聯誼會","Dynasty","02 2883 8333","臺北市士林區中山北路5段500號1樓","serbice@drnasty.tw","07:00:00-23:00:00","","09 運動場館或設施營建業","健身房","50768153","25.093358, 121.528211"
"124","愛滑雪股份有限公司","愛滑雪股份有限公司","","臺北市內湖區內湖路1段70號1樓","","11:00:00-21:00:00","","09 運動場館或設施營建業","極限運動","82802838","25.083668, 121.562311"
"125","寰邦股份有限公司","Routine Fitness","02 2552 3000","臺北市大同區重慶北路1段1-1號3樓","ops@routinefitness.com","私人運動班 預約制","","09 運動場館或設施營建業","健身房","82870477","25.049766, 121.513790"
"126","核心引力科技有限公司","Renew Gravity bay 核心引力健身工作室","02 8772 7887","臺北市松山區南京東路3段338巷3號1樓","renewgravitybay@gmail.com","11:30:00-22:00:00","","09 運動場館或設施營建業","健身房","52491858","25.051704, 121.547701"
"127","絲瓜運動股份有限公司","絲瓜運動","02 2777 1109","臺北市中山區八德路2段309號","squatfitnesstw@gmail.com","08:00:00-22:00:00","","09 運動場館或設施營建業","體適能","83460177","25.047470, 121.542645"
"128","觀示苑股份有限公司天母分公司","觀示苑SPACE YOGA","","臺北市士林區天母東路43巷5號1樓","","06:00:00-23:00:00","","09 運動場館或設施營建業","瑜珈","28203379","25.118789, 121.532282"
"129","柏文健康事業股份有限公司台北健康分公司","健身工廠健康場","02 2762 7666","臺北市松山區健康路156號地下1樓","","06:00:00-22:00:00","","09 運動場館或設施營建業","健身房","54913995","25.053621, 121.557196"
"130","全真概念健康事業股份有限公司環亞分公司","TrueYoga 全真概念環亞瑜珈健身館","02 2716 1234","臺北市松山區南京東路3段337號9樓-10樓","","06:00:00-23:00:00","","09 運動場館或設施營建業","健身房","28215376","25.052142, 121.548289"
"131","全真概念健康事業股份有限公司敦南分公司","Yoga edition","02 7700 7088","臺北市大安區忠孝東路4段151號3樓","dnrecet@trueyoga.com.tw","06:00:00-23:00:00","","09 運動場館或設施營建業","瑜珈","82802886","25.041799, 121.549772"
"132","全真概念健康事業股份有限公司天母分公司","TrueFitness 全真概念天母健身館","02 7747 1800","臺北市士林區忠誠路2段188號地下1樓及2樓","","06:00:00-24:00:00","","09 運動場館或設施營建業","健身房","52225542","25.116669, 121.533715"
"133","全真概念健康事業股份有限公司忠孝分公司","TrueYoga 全真概念忠孝瑜珈健身館","02 2764 8888","臺北市信義區忠孝東路四段563號B1-1F","","06:00:00-23:00:00","","09 運動場館或設施營建業","健身房","27964689","25.041637, 121.564029"
"134","全真概念健康事業股份有限公司內湖分公司","TrueFitness 全真概念內湖健身館","02 7746 1111","臺北市內湖區內湖路1段659號B1","","06:00:00-24:00:00","","09 運動場館或設施營建業","健身房","54321280","25.080438, 121.575312"
"135","全真概念健康事業股份有限公司南港分公司","TrueFitness 全真概念南港健身館","02 7702 8999","臺北市南港區經貿二路188號4樓","","07:00:00-22:30:00","","09 運動場館或設施營建業","健身房","42627434","25.058951, 121.615238"
"136","香港商世界健身事業有限公司天母分公司","World Gym健身俱樂部天母店","02 2875 5050","臺北市士林區中山北路7段34號","wecare@worldgymtaiwan.com","06:00:00-24:00:00","","09 運動場館或設施營建業","健身房","53007925","25.120076, 121.531178"
"137","香港商世界健身事業有限公司台北松仁分公司","World Gym健身俱樂部松仁店","02 2729 9990","臺北市信義區松仁路277號地1樓及1樓","wecare@worldgymtaiwan.com","06:00:00-24:00:00","","09 運動場館或設施營建業","健身房","42960509","25.024601, 121.569694"
"138","香港商世界健身事業有限公司內湖分公司","World Gym健身俱樂部內湖店","02 2634 5488","臺北市內湖區康寧路3段72號5.6.7.8.9.11.12樓","wecare@worldgymtaiwan.com","06:00:00-22:00:00","","09 運動場館或設施營建業","健身房","28424731","25.070130, 121.611417"
"139","香港商世界健身事業有限公司台北民權東分公司","World Gym健身俱樂部民權東店","02 2515 5522","臺北市中山區民權東路三段72號地下一層-74號地下一層，台北市中山區民權東路三段60巷1號1樓及2樓","wecare@worldgymtaiwan.com","06:00:00-24:00:00","","09 運動場館或設施營建業","健身房","85091797","25.062372, 121.543117"
"140","香港商世界健身事業有限公司飛動天母分公司","FIT ZONE BY WORLD GYM 台北天母店","02 2871 5333","臺北市士林區中山北路七段73號及75號","wecare@worldgymtaiwan.com","08:00:00-24:00:00","","09 運動場館或設施營建業","健身房","58334011","25.121411, 121.531237"
"141","香港商世界健身事業有限公司光復分公司","World Gym健身俱樂部光復店","02 8771 3555","臺北市大安區忠孝東路四段330號地下","wecare@worldgymtaiwan.com","06:00:00-24:00:00","","09 運動場館或設施營建業","健身房","58294708","25.041298, 121.557254"
"142","香港商世界健身事業有限公司飛動公館分公司","FIT ZONE by World Gym 台北公館店","02 2367 7666","臺北市大安區羅斯福路三段281號1樓","wecare@worldgymtaiwan.com","08:00:00-23:00:00","","09 運動場館或設施營建業","健身房","58290506","25.018177, 121.531370"
"143","香港商世界健身事業有限公司台北麗水分公司","World Gym健身俱樂部台北麗水店","02 2321 2333","臺北市大安區麗水街18號1樓","wecare@worldgymtaiwan.com","06:00:00-24:00:00","","09 運動場館或設施營建業","健身房","58290007","25.030566, 121.528575"
"144","香港商世界健身事業有限公司台北松隆分公司","World Gym健身俱樂部松隆店","02 2761 8822","臺北市信義區松隆路125號2樓，地下1樓，地下2樓","wecare@worldgymtaiwan.com","06:00:00-24:00:00","","09 運動場館或設施營建業","健身房","56698508","25.047104, 121.571873"
"145","香港商世界健身事業有限公司大直分公司","World Gym健身俱樂部大直店","02 8501 2333","臺北市中山區堤頂大道二段588號及590號","wecare@worldgymtaiwan.com","06:00:00-24:00:00","","09 運動場館或設施營建業","健身房","56621797","25.084486, 121.559691"
"146","香港商世界健身事業有限公司台北長春分公司","World Gym健身俱樂部台北長春店","02 2521 5222","臺北市中山區長春路90號，長春路90號地下一樓及新生北路二段40號","wecare@worldgymtaiwan.com","06:00:00-24:00:00","","09 運動場館或設施營建業","健身房","54984914","25.054908, 121.527021"
"147","香港商世界健身事業有限公司西門分公司","World Gym健身俱樂部西門店","02 2388 9999","臺北市萬華區西寧南路36號地下1樓","wecare@worldgymtaiwan.com","06:00:00-24:00:00","","09 運動場館或設施營建業","健身房","53007880","25.045747, 121.506586"
"148","香港商世界健身事業有限公司內湖民權分公司","World Gym健身俱樂部內湖福華店","02 2790 5522","臺北市內湖區民權東路六段180巷6號地下二樓及地下二樓之1","wecare@worldgymtaiwan.com","06:00:00-24:00:00","","09 運動場館或設施營建業","健身房","24788268","25.068322, 121.592415"
"149","香港商世界健身事業有限公司公館分公司","World Gym健身俱樂部公館店","02 2366 0202","臺北市中正區羅斯福路4段68號3樓4樓及5樓","wecare@worldgymtaiwan.com","06:00:00-24:00:00","","09 運動場館或設施營建業","健身房","54385354","25.014665, 121.534230"
"150","香港商世界健身事業有限公司台北民權西分公司","World Gym健身俱樂部台北民權西店","02 2599 2555","臺北市大同區民權西路136號1樓及地下1樓","wecare@worldgymtaiwan.com","06:00:00-24:00:00","","09 運動場館或設施營建業","健身房","54958893","25.062813, 121.516473"
"151","香港商世界健身事業有限公司南京分公司","World Gym健身俱樂部南京店","02 2766 9888","臺北市松山區南京東路5段196號1樓,198號地下1樓,198號1樓,198號2樓,198號2樓之1,198號3樓,198號4樓,200號1樓","wecare@worldgymtaiwan.com\r\n","06:00:00-24:00:00\r\n","","09 運動場館或設施營建業","健身房","54369489","25.051475, 121.544892\r\n"
"152","香港商世界健身事業有限公司大安分公司","World Gym健身俱樂部大安店","02 2325 8888","臺北市大安區信義路4段6號3樓，4樓，5樓","wecare@worldgymtaiwan.com","06:00:00-24:00:00","","09 運動場館或設施營建業","健身房","53649596","25.033235, 121.544124"
"153","香港商世界健身事業有限公司台北分公司","World Gym健身俱樂部台北站前店","02 2311 7000","臺北市中正區忠孝西路1段50號6樓，6樓之1","wecare@worldgymtaiwan.com","06:00:00-24:00:00","","09 運動場館或設施營建業","健身房","53000985","25.046329, 121.515819"
"154","香港商世界健身事業有限公司忠孝分公司","world gym 統領店","02 2773 9000","臺北市信義區忠孝東路4段201號3樓，4樓","wecare@worldgymtaiwan.com","06:00:00-24:00:00","","09 運動場館或設施營建業","健身房","53014307","25.041803, 121.551655"
"155","香港商世界健身事業有限公司天母德行分公司","World Gym健身俱樂部台北天母德行店","02 2835 8880","臺北市士林區德行東路331巷35號地下層，1樓及2樓","wecare@worldgymtaiwan.com","06:00:00-24:00:00","","09 運動場館或設施營建業","健身房","42987388","25.111860, 121.537883"
"156","舞動陽光有限公司大同分公司","大同運動中心","02 2592 0055","臺北市大同區大龍街51號","yang0925yes@hotmail.com","06:00:00-22:00:00","","09 運動場館或設施營建業","運動中心","85012273","25.064921, 121.516120"
"157","原岩運動顧問有限公司萬華分公司","原岩攀岩館","02 2308 8250","臺北市萬華區糖?里大理街149號","tupclimbing@gmail.com","12:00:00-24:00:00","","09 運動場館或設施營建業","攀岩","69721904","25.033273, 121.495061"
"158","馳洋有限公司西湖分公司","Curves內湖西湖店","02 2627 6550","臺北市內湖區內湖路1段387巷3弄4號","xihu@Curves.com.tw","10:30:00-21:00:00","","09 運動場館或設施營建業","健身房","52516345","25.082485, 121.570633"
"159","三衡一樹健康事業有限公司公館分公司","Curves臺大公館店","02 2368 1100","臺北市中正區羅斯福路4段64號4樓","gongguan@Curves.com.tw","10:30:00-13:30:00 16:00:00-20:","","09 運動場館或設施營建業","健身房","55772748","25.015409, 121.534144"
"160","和信乒乓社","和信乒乓","02 2712 2322","臺北市松山區南京東路4段45號地下","","12:00:00-22:30:00","","09 運動場館或設施營建業","桌球","25560943","25.052005, 121.550746"
"161","勝利桌球館","勝利桌球館","02 2392 5608","臺北市中正區福州街1號2樓","","預約制","","09 運動場館或設施營建業","桌球","42431635","25.029907, 121.520077"
"162","喬登撞球場","喬登撞球場","","臺北市中正區忠孝西路1段45號地下1樓","","12:00:00-24:00:00","","09 運動場館或設施營建業","撞球","17547026","25.046332, 121.517899"
"163","本玩工作室","本玩體能教室Just Play","02 8791 0031","臺北市內湖區康寧路1段154號1樓","","10:00:00-20:00:00","","09 運動場館或設施營建業","體適能","76367689","25.079400, 121.594180"
"164","生達運動企業行","FIT FIVE","0920 998 498","臺北市大安區濟南路3段28號1樓","","預約制","","09 運動場館或設施營建業","體適能","76391885","25.040073, 121.535084"
"165","就是愛桌球企業社","就是愛桌球企業社","02 8797 3117","臺北市內湖區內湖路1段629巷40弄4號","","13:00:00-21:00:00","","10 運動用品或器材製造、批發及零售業","桌球","31958392","25.081909, 121.574763"
"166","啟舞生活館","舞蹈生活館","","臺北市士林區文林路289號1樓","","預約班","","09 運動場館或設施營建業","舞蹈","26374448","25.092023, 121.526222"
"167","亞信乒乓企業社","亞信乒乓","971563506","臺北市大安區建國南路2段151巷16號","","14:00:00-16:00:00 16:30:00-20:","","09 運動場館或設施營建業","桌球","42490351","25.028952, 121.538584"
"168","窈窕韻姿瑜珈工作室","窈窕韻姿瑜珈","","臺北市大安區忠孝東路4段59號10樓之4","","課程制.預約班","","09 運動場館或設施營建業","體適能","42498781","25.042064, 121.546067"
"169","好手撞球運動館","大聯盟休閒會館","02-27908666","臺北市內湖區成功路4段68號地下2樓","","12:00:00-03:00:00","","09 運動場館或設施營建業","撞球","83932459","25.082910, 121.592994"
"170","台北巴柔運動館","PMA 柔術","","臺北市中山區新生北路3段82巷33號1樓","","會員制","","09 運動場館或設施營建業","武術","42294007","25.067273, 121.526396"
"171","陸文灝工作室","陸文灝工作室","02-25418357","臺北市中山區復興北路170號4樓","","07:00:00-21:00:00","","09 運動場館或設施營建業","體適能","14743566","25.053917, 121.543795"
"172","好客撞球場","好客撞球場","02-28313456","臺北市萬華區漢口街2段54號地下","","08:30:00-23:00:00","","09 運動場館或設施營建業","撞球","72917255","25.045763, 121.505997"
"173","國榮桌球館","國榮桌球館","02-27088488","臺北市大安區光復南路432號2樓","","14:30:00-21:00:00 09:00:00-21:","","09 運動場館或設施營建業","桌球","26304534","25.036197, 121.557300"
"174","良想貴工作室","Charles ART Studio","02-87920887","臺北市內湖區民權東路6段133之2號1樓","","學員預約制","","09 運動場館或設施營建業","健身房","72990902","25.069249, 121.593708"
"175","喬治撞球場","喬治撞球場俱樂部","02-25620020","臺北市中山區新生北路2段62巷34號B1","","11:00:00-22:00:00","","09 運動場館或設施營建業","撞球","72997026","25.056210, 121.526162"
"176","聚廠樂活運動館","聚廠樂活運動館","02-28963311","臺北市北投區北投路2段13號地下1層之1","","24HR","","09 運動場館或設施營建業","健身房","38471064","25.131304, 121.498432"
"177","參動體適能工作室","CV玩家體能訓練室","978132932","臺北市大同區延平北路2段24號3樓","edn581@gmail.com","07:00:00-21:00:00","","09 運動場館或設施營建業","體適能","75916574","25.054686, 121.511493"
"178","瑪蒂雅斯運動館","ISON乒乓","902115835","臺北市中山區農安街43號4樓之2","","學員制","","09 運動場館或設施營建業","桌球","76380374","25.065331, 121.526228"
"179","丁丁撞球場","J star","02-25994756","臺北市中山區雙城街2之1號地下1樓","","24HR","","09 運動場館或設施營建業","撞球","18402343","25.063383, 121.524320"
"180","樂活桌球館","樂活桌球館","02-86639681","臺北市文山區景文街42號5樓","","課程制","","09 運動場館或設施營建業","桌球","31951601","24.991784, 121.541143"
"181","贏家撞球休閒運動館","贏家撞球","02-27933838","臺北市內湖區成功路3段83號及B1","","11:00:00-04:00:00","","09 運動場館或設施營建業","撞球","26238676","25.078274, 121.590048"
"182","轉捩點健康工作室","HFP STUDIO","0912 274 695","臺北市內湖區內湖路2段395號2樓","","學員預約制","","09 運動場館或設施營建業","健身房","42491437","25.084479, 121.592728"
"183","景文撞球運動館","飛碟撞球","","臺北市文山區景文街42號地下1樓","","11:00:00-24:00:00","","09 運動場館或設施營建業","撞球","83944899","24.991959, 121.541175"
"184","好好表現運動工作室","好好表現運動","","臺北市大安區建國南路1段356號","","預約制","","09 運動場館或設施營建業","體適能","72995701","25.034272, 121.537447"
"185","速搏乒乓球館","super ping pong","919063803","臺北市中正區廈門街113巷6號1樓","","08:00:00-10:00:00 13:00:00-15:","","09 運動場館或設施營建業","桌球","72999798","25.023518, 121.517842"
"186","瑜品生活工作室","陳清棠舞蹈教室","02-25570007","臺北市松山區南京東路5段56號3樓","","課程制.預約班","","04 運動表演業","舞蹈","73005306","25.051602, 121.544902"
"187","哈囉競技休閒運動館","哈囉競技休閒運動館","","臺北市中正區信義路2段101號地下1層","","14:00:00-03:00:00","","09 運動場館或設施營建業","撞球","48859240","25.034437, 121.527653"
"188","九球大師撞球概念館","9PM 撞球飛鏢概念館","02-25787800","臺北市松山區八德路3段83號地下","","10:00:00-02:00:00","","09 運動場館或設施營建業","撞球","42429413","25.048475, 121.553157"
"189","巧翊體適能館","Surmount","02-28311891","臺北市士林區中正路188號","","學員制","","09 運動場館或設施營建業","健身房","42435029","25.095948, 121.527144"
"190","慶朗商行","大聯盟休閒會館","02-27838583","臺北市南港區興中路56巷11號地下樓，13號地下樓","","09:00:00-03:00:00","","09 運動場館或設施營建業","撞球","42490839","25.056596, 121.606327"
"191","貴子體適能工作室","CV玩家體能訓練室","978132932","臺北市萬華區昆明街222號2樓","edn581@gmail.com","12:00:00-23:00:00","","09 運動場館或設施營建業","體適能","72910437","25.040634, 121.504216"
"192","黃金比例健身工坊","黃金比例健身工坊","986737060","臺北市大同區承德路3段161號2樓","","私人運動班 預約制","","09 運動場館或設施營建業","健身房","72997594","25.068460, 121.518685"
"193","五分之一工作室","別建身","02-87727992","臺北市中山區復興南路1段36號2樓","","10:00:00-22:00:00","","09 運動場館或設施營建業","健身房","73233300","25.046185, 121.543709"
"194","長榮運動訓練館","大榮桌球","02-77096809","臺北市中山區明水路397巷19弄26號B1","","課程制.預約班","","09 運動場館或設施營建業","桌球","73340786","25.078776, 121.549456"
"195","零捌貳參一工作室","DANCE STAR舞星舞蹈學校","02-26519972","臺北市南港區興中路56巷7號","","學員預約制","","09 運動場館或設施營建業","舞蹈","75498804","25.056791, 121.606474"
"196","居合武道養正館","台灣養正館武道","02-28287978","臺北市北投區致遠一路1段46巷45之2號1樓","","會員預約制","","09 運動場館或設施營建業","武術","72919057","25.1103638,121.5179053"
"197","訶子花園工作室","瑜珈之道","02-87122272","臺北市南港區忠孝東路5段815號10樓之1","","預約制","","09 運動場館或設施營建業","瑜珈","75925686","25.045338, 121.582325"
"198","禾體能教育工作室","禾?體能教育工作室","02-28335158","臺北市士林區東山路100巷6號","","預約班","","09 運動場館或設施營建業","體適能","75937162","25.113765, 121.539036"
"199","捷優體能坊","捷優體能 ju pilates","02-23661706","臺北市大安區羅斯福路3段297之4號3樓","","09:00:00-20:00:00","","09 運動場館或設施營建業","瑜珈","42268850","25.017979, 121.531608"
"200","子榮乒乓球館","國榮桌球","02-77096899","臺北市中正區和平西路1段34號2樓","","16:00:00-21:00:00","","09 運動場館或設施營建業","桌球","38471297","25.027011, 121.521535"
"201","舞雲工作室","Dancing Cloud 舞蹈教室","02-25932229","臺北市中山區農安街40號1樓","","學員制","","09 運動場館或設施營建業","瑜珈","42501224","25.065019, 121.527174"
"202","撞球家族撞球場","POOL HOUSE","02-23684928","臺北市中正區和平西路1段68號地下1樓","","24HR","","09 運動場館或設施營建業","撞球","78377939","25.026492, 121.519236"
"203","心平衡運動工作室","平衡體適能運動空間 PH Fitness","02-27495287","臺北市信義區忠孝東路5段201號2樓","","09:00:00-22:00:00","","09 運動場館或設施營建業","健身房","72979907","25.041573, 121.569567"
"204","杜驍工作室","好團工作室","","臺北市中山區民生東路1段72號2樓之1","","學員預約制","","09 運動場館或設施營建業","體適能","72981072","25.058207, 121.526472"
"205","正薇瑜珈工作室","yoge Tree","02-26581727","臺北市內湖區內湖路1段604號2樓","","學員預約制","","09 運動場館或設施營建業","瑜珈","25564151","25.078849, 121.578371"
"206","獅子王桌球企業社","獅子王桌球","02-27314988","臺北市松山區南京東路3段346號4樓之5","lionking.tabletennis@gmail.com","13:00:00-21:00:00","","09 運動場館或設施營建業","桌球","31860150","25.051859, 121.547998"
"207","穜欣桌球館","穜欣桌球館","02-28731818","臺北市士林區天母西路13巷9號","","09:00:00-21:00:00","","09 運動場館或設施營建業","桌球","38509174","25.119474, 121.527724"
"208","大聯盟商行","大聯盟休閒會館","02-27422399","臺北市松山區塔悠路81號地下室，95號地下室","","24HR","","09 運動場館或設施營建業","撞球","38582012","25.052034, 121.570475"
"209","全球撞球館","亞運撞球館","02-29345895","臺北市文山區羅斯福路5段88號地下1樓","","10:00:00-02:00:00","","09 運動場館或設施營建業","撞球","73909583","25.007792, 121.538119"
"210","浩展乒乓社","乒乓樂桌球 Ping Pong Love table tennis classroom","979186186","臺北市中山區北安路588巷30弄18號B1","","預約班","","09 運動場館或設施營建業","桌球","42355910","25.080724, 121.550555"
"211","好球企業社","好球乒乓Nice Ball Ping-Pong","02-27610953","臺北市松山區三民路107巷7號2樓之9","","09:00:00-19:00:00 13:30:00-21:","","09 運動場館或設施營建業","桌球","42436553","25.057849, 121.563215"
"212","廣志自由潛水企業社","廣志自由潛水企業社","02-23387820","臺北市萬華區艋舺大道82號","","預約制","","09 運動場館或設施營建業","潛水","72925234","25.033471, 121.503292"
"213","友善的樹工作室","友善的樹工作室","","臺北市中正區延平南路3之2號","","預約制","","09 運動場館或設施營建業","瑜珈","42424000","25.046799, 121.511050"
"214","菲舞工作室","菲舞舞蹈教室","02-25625635","臺北市文山區木新路3段154號2樓","","課程制","","09 運動場館或設施營建業","舞蹈","75925779","24.982270, 121.561350"
"215","德比撞球館","德比撞球館","02-25993357","臺北市士林區承德路3段58號地下","","11:00:00-02:00:00","","09 運動場館或設施營建業","撞球","76402314","25.065545, 121.517972"
"216","球聖撞球館","球聖撞球館","02-25035800","臺北市中山區長春路258巷6號地下之37","","10:00:00-02:00:00","","09 運動場館或設施營建業","撞球","25668022","25.054475, 121.538740"
"217","木柵撞球運動館","觸動撞球飛鏢運動館","02-22344711","臺北市文山區木柵路3段96號地下2層","","11:00:00-24:00:00","","09 運動場館或設施營建業","撞球","10318569","24.988869, 121.567325"
"218","乒乒乓乓卓球企業社","乒乒乓乓","02-37653303","臺北市松山區南京東路5段272之1號","","13:00:00-21:00:00","","09 運動場館或設施營建業","桌球","42271193","25.051428, 121.566894"
"219","弄舞運動空間工作室","弄舞運動空間","02-26519557","臺北市南港區興中路68巷12號","","預約制","","09 運動場館或設施營建業","體適能","72929098","25.057014, 121.606329"
"220","均動體能工作室","均動體能工作室","","臺北市大安區基隆路2段128號8樓","","學員預約制","","09 運動場館或設施營建業","體適能","75064624","25.029215, 121.556820"
"221","乒乓島菁英桌球館","乒乓島桌球教室","02-27090107","臺北市大安區安和路1段137號3樓","","09:00:00-21:00:00","","09 運動場館或設施營建業","桌球","31850575","25.034325, 121.552723"
"222","日榮桌球館","日榮桌球館","953999304","臺北市中山區松江路283號3樓及3樓之1","","14:30:00-21:00:00","","09 運動場館或設施營建業","桌球","38455450","25.060429, 121.533497"
"223","朝陽撞球館","朝陽撞球館","02-23086978","臺北市萬華區西園路2段188號地下","","12:00:00-24:00:00","","09 運動場館或設施營建業","撞球","42420089","25.029754, 121.495829"
"224","東大湖商行","MK","02-27921950","臺北市內湖區成功路4段50號2樓之1，3樓","keven7667@gmail.com","12:00:00-02:00:00","","09 運動場館或設施營建業","撞球","42437188","25.082463, 121.592091"
"225","飛躍運動館","來運動健身俱樂部","02-27945385","臺北市內湖區成功路4段50號2樓之1","","07:00:00-23:00:00","","09 運動場館或設施營建業","健身房","42433845","25.082414, 121.592156"
"226","中正撞球場","中正撞球場","02-25173233","臺北市中山區松江路281號B1","","11:00:00-02:00:00","","09 運動場館或設施營建業","撞球","42420898","25.060460, 121.533437"
"227","伍加柒十二號空間館","5+7十二號空間","","臺北市文山區指南路2段12號","jcceop0412@gmail.com","預約制","","09 運動場館或設施營建業","舞蹈","75472059","24.988065, 121.574229"
"228","中國青年救國團","信義運動中心","02-87861911","臺北市信義區松勤街100號","","06:00:00-22:00:00","","09 運動場館或設施營建業","運動中心","25594893","25.032087, 121.566658"
"229","高盛健身事業股份有限公司","GO GYM健身俱樂部永春館","02-27560700","臺北市信義區忠孝東路5段451，453，457號1樓及B1","","07:00:00-23:00:00","","09 運動場館或設施營建業","健身房","85130320","25.0411038,121.5740637"
"230","京庚健康世界股份有限公司民生分公司","World Gym健身俱樂部民生店","02-87128200","臺北市松山區民生東路3段156，158號B1","wecare@worldgymtaiwan.com","06:00:00-24:00:00","","09 運動場館或設施營建業","健身房","53600833","25.0572068,121.5456049"
"231","匯陽百貨事業股份有限公司松山運動中心分公司","松山運動中心","02-66176789","臺北市松山區敦化北路1號","taipei.sssc@gmail.com","06:00:00-22:00:00","","09 運動場館或設施營建業","運動中心","24467110","25.048824159947984, 121.55060543028505"
"232","馬拉松有限公司","山豬窟游泳池附設健身房","02-26544712","臺北市南港區舊莊街1段290巷32號","","05:30:00-21:00:00","","09 運動場館或設施營建業","健身房","28524746","25.0306073,121.6216968"
"233","中央研究院","中央研究院綜合體育館","02-27852717*7328","臺北市南港區研究院路2段128號","gym@gate.sinica.edu.tw","06:00:00-12:00:00 12:00:00-22:","","09 運動場館或設施營建業","球場","03811209","25.0422638,121.6139671"
"234","舞動陽光有限公司成功營業所","成功高中運動中心","02-23218222","臺北市中正區濟南路1段71號","wdyg202007@gmail.com","18:00:00-22:00:00","","09 運動場館或設施營建業","健身房","42477884","25.0423383,121.5214985"
"235","長佳機電工程股份有限公司中正營業所","中正運動中心","02-23963358","臺北市中正區信義路1段1號","tpe_jjsports@changjia.com.tw","06:00:00-22:00:00","","09 運動場館或設施營建業","運動中心","42365419","25.0386596131151, 121.51946019910183"
"236","長鴻榮實業股份有限公司","大倉久和大飯店附設健身房","02-25231111","臺北市中山區南京東路1段9號","healthclub@okurataipei.com.tw","06:00:00-24:00:00","","09 運動場館或設施營建業","健身房","28469069","25.0524222,121.5211447"
"237","社團法人中國青年救國團臺北市中山運動中心","中山運動中心","02-25811060","臺北市中山區中山北路2段44巷2號","cssc@cyc.tw","06:00:00-22:00:00","","09 運動場館或設施營建業","運動中心","15664011","25.0548895,121.5192045"
"238","桑斯伯國際有限公司","榮星公園溫水游泳池附設健身房","02-25175383","臺北市中山區建國北路3段39號","","10:00:00-21:30:00","","09 運動場館或設施營建業","健身房","25531217","25.0637419,121.535538"
"239","桑富士股份有限公司","桑富士運動俱樂部","02-25527579","臺北市大同區平陽街29號1","","08:00:00-22:00:00","","09 運動場館或設施營建業","健身房","23225987","25.0551576,121.5149125"
"240","匯陽百貨事業股份有限公司萬華運動中心分公司","萬華運動中心","02-23759900","臺北市萬華區西寧南路6-1號","taipei.sssc@gmail.com","06:00:00-21:30:00","","09 運動場館或設施營建業","運動中心","43838128","25.0474129,121.5045644"
"241","中國青年救國團臺北市大安運動中心","大安運動中心","02-23770300","臺北市大安區辛亥路3段55號","cssc@cyc.tw.","06:00:00-22:00:00","","09 運動場館或設施營建業","運動中心","25677850","25.0207769,121.5434473"
"242","福華大飯店股份有限公司人力中心營業所","公務人力發展學院福華國際文教會館","02-77122323","臺北市大安區新生南路3段30號B1","swiming-ih@howarb-hotels.com.tw","06:00:00-22:00:00","","09 運動場館或設施營建業","健身房","18104885","25.0234591,121.5321231"
"243","國立臺灣大學","國立臺灣大學綜合體育館","02-33665959","臺北市大安區羅斯福路4段1號","ntupe@ntu.edu.tw","06:00:00-22:00:00 09:00:00-18:","","09 運動場館或設施營建業","健身房","21726057","25.0186574,121.5375377"
"244","臺北市政府環境保護局木柵垃圾焚化廠","博嘉運動公園游泳池附設運動室","02-22395494","臺北市文山區木柵路4段159巷16號","abc22395494@yahoo.com.tw","05:00:00-21:30:00","","09 運動場館或設施營建業","健身房","53565131","25.0009103,121.5733663"
"245","臺北市政府環境保護局內湖垃圾焚化廠","葫蘆洲運動公園〈內湖垃圾焚化廠〉","02-27961833","臺北市內湖區安康路290號","","05:30:00-20:30:00","","09 運動場館或設施營建業","健身房","967662","25.0628542,121.6034397"
"246","太格股份有限公司北安營業所","北安國中游泳池附設健身房","02-25325733","臺北市中山區明水路325號","","16:00:00-22:00:00","","09 運動場館或設施營建業","健身房","38601539","25.0777783,121.5393791"
"247","建中工程股份有限公司北投分公司","北投運動中心","02-28202880","臺北市北投區石牌路1段39巷100號","roadcastlebt@gmail.com","06:00:00-22:00:00","","09 運動場館或設施營建業","運動中心","24539959","25.1131029,121.5081702"
"248","財團法人台北市中華基督教青年會唭哩岸會館","台北市中華基督教青年會YMCA唭哩岸會館","02-28227070","臺北市北投區承德路7段312號","ymcapilian@gmail.com","06:00:00-20:00:00","","09 運動場館或設施營建業","健身房","48734755","25.1171628,121.5023976"
"249","綠能有限公司","北投垃圾焚化廠回饋設施附設健身房","02-28360050","臺北市北投區洲美街271號","","08:00:00-11:30:00 14:00:00-21:","","09 運動場館或設施營建業","健身房","63415702","25.1079534,121.4970711"
"250","統一佳佳股份有限公司京站分公司","統一健身俱樂部台北京站館","02-25588148","臺北市大同區市民大道1段209號8樓","sj00@mail.being.com.tw","07:00:00-23:00:00","","09 運動場館或設施營建業","健身房","24498628","25.0447598,121.5353203"
"251","中國青年救國團臺北市文山運動中心","臺北市文山運動中心","02-22308268","臺北市文山區興隆路3段222號","wssc@cyc.tw","06:00:00-22:00:00","","09 運動場館或設施營建業","運動中心","26200876","24.9970214,121.5574843"
"252","運博國際股份有限公司","青年公園游泳池附設健身房","02-23053800","臺北市萬華區水源路199號","pluto740803@gmail.com","06:00:00-21:00:00","","09 運動場館或設施營建業","健身房","24336808","25.0222644,121.5053642"
"253","建中工程股份有限公司公館分公司","洛德城堡公館運動中心","02-23677556","台北市中正區汀洲路三段160巷底","web@cce.com.tw","06:00:00-22:00:00","","09 運動場館或設施營建業","健身房","54335833","25.0125463,121.5278162"
"254","中國青年救國團臺北市南港運動中心","南港運動中心","02-26532279","臺北市南港區玉成街69號","ngsc@cyc.tw","06:00:00-22:00:00","","09 運動場館或設施營建業","運動中心","48827971","25.0488463,121.579673"
"255","好時光創意生活有限公司延吉分公司","好時光女生運動樂園延吉店","02-27013807","臺北市大安區延吉街239號2樓","gtgoodtime.event@gmail.com","10:00:00-22:00:00","","09 運動場館或設施營建業","健身房","82907143","25.036446, 121.555713"
"256","十勻有限公司","PB SPORT","02-23223668","臺北市大安區金山南路2段33號B1","pbsport88@gmail.com","08:00:00-23:00:00","","09 運動場館或設施營建業","健身房","55840669","25.032925, 121.527238"
"257","康聚股份有限公司","Curves六張犁店","02-27360050","臺北市大安區和平東路3段258號4樓","Sixplows@curves.com.tw","15:00:00-21:00:00","","09 運動場館或設施營建業","健身房","28814702","25.021568, 121.555313"
"258","漢杰健康健身事業股份有限公司","How How GYM好好健身","02-87730030","臺北市大安區光復南路180巷6號2樓","fit4life@.howhow.com","13:00:00-22:00:00","","09 運動場館或設施營建業","健身房","83171752","25.042620, 121.557303"
"259","臺北市士林運動中心","士林運動中心(YMCA)","02-28806066","臺北市士林區士商路1號","service@slsc-taipei.org","06:00:00-22:00:00","現金、悠遊卡、實體信用卡","09 運動場館或設施營建業","太極","48977540","25.0892716,121.5192898"
"260","臺北大眾捷運股份有限公司","臺北捷運公司北投會館","02-28930105*8320","臺北市北投區大業路527巷88號","122389@metro.taipei","15:00:00-22:00:00","","09 運動場館或設施營建業","健身房","38527975","25.1357947,121.4817663"
"261","中國青年救國團臺北市內湖運動中心","內湖運動中心","02-26562869","臺北市內湖區洲子街12號","nhsc@cyc.tw","06:00:00-22:00:00","","09 運動場館或設施營建業","運動中心","42547039","25.0781209,121.5730155"
"262","運博國際股份有限公司","大湖公園游泳池附設健身房","02-27939859","臺北市內湖區成功路5段31號","Pluto740803@gmail.com","07:00:00-21:45:00","","09 運動場館或設施營建業","健身房","38534602","25.0827719,121.6017267"
"263","京庚健康世界股份有限公司101分公司","World Gym健身俱樂部101店","02-81018018","臺北市信義區市府路45號6樓之 2","wecare@worldgymtaiwan.com","06:00:00-24:00:00","","09 運動場館或設施營建業","健身房","25159569","25.033493,121.564101"
"264","光鹽國際健康實業有限公司","Curves北醫世貿店","02-23459995","臺北市信義區莊敬路325巷60號3樓","","11:00:00-13:30:00 13:30:00-16:","","09 運動場館或設施營建業","健身房","42839599","25.0289791,121.5628472"
"265","核立運動顧問有限公司","HI FIT運動空間","02-87733770","臺北市大安區復興南路1段125號3樓","","預約制","","09 運動場館或設施營建業","健身房","52557041","25.043394, 121.544038"
"266","萊昂妮絲股份有限公司","健身計畫/Lioness Studio","02-27033393","臺北市大安區信義路4段261號2樓","","09:00:00-18:00:00","","09 運動場館或設施營建業","健身房","42857266","25.033467, 121.553995"
"267","愛美態健康管理顧問股份有限公司","Anytime Fitness 台北信義安和店","02-27032803","臺北市大安區信義路4段279號B1-1","","11:00:00-13:00:00 15:30:00-20:","","09 運動場館或設施營建業","健身房","42989689","25.033431, 121.554782"
"268","武甲運動事業有限公司古亭營業所","MARTIAL ARMOUR MMA＆FITNESS","02-23631188","臺北市大安區羅斯福路2段93號B1","","10:00:00-22:00:00","","09 運動場館或設施營建業","健身房","42985662","25.025245, 121.524139"
"269","台灣威凌克股份有限公司古亭二號分公司","Curves古亭店","02-23643002","臺北市中正區羅斯福路2段116號3樓之1","Guting@curves.com.tw","11:00:00-13:30:00 15:30:00-21:","","09 運動場館或設施營建業","健身房","28829803","25.026422, 121.522658"
"270","全真概念健康事業股份有限公司古亭分公司","TrueFitness 全真概念古亭健身館","02-77266888","臺北市中正區和平西路1段2號B1~3樓","gtservice@trueyoga.com.tw","06:00:00-24:00:00","","09 運動場館或設施營建業","健身房","28859313","25.026778, 121.521709"
"271","極進化運動事業有限公司","X-Revolution Fitness 極進化","02-27492565","臺北市信義區基隆路1段153號B1","","10:00:00-22:00:00","","09 運動場館或設施營建業","健身房","54678605","25.0422638,121.5632753"
"272","沛芮健康科技有限公司","Curves南港店","02-27833166","臺北市南港區忠孝東路7段299號5樓","Nangang@curves.com.tw","12:00:00-13:30:00 16:00:00-21:","","09 運動場館或設施營建業","健身房","42869116","25.0525582,121.6023293"
"273","風暴體適能股份有限公司","Hongtai Crossfit","02-27830321","臺北市南港區市民大道八段360號2樓","info@hongtaicrossfit.com","07:00:00-22:00:00 09:00:00-15:","","09 運動場館或設施營建業","健身房","50756826","25.053357049807982, 121.60846619775725"
"274","超越極限運動館","勁能健身俱樂部","02-37621518","臺北市松山區八德路4段465號2樓","","12:00:00-23:00:00","","09 運動場館或設施營建業","健身房","72994288","25.0500731,121.5687202"
"275","精漢堂開發股份有限公司八德門市部","台北健身院八德店","02-27460587","臺北市松山區八德路4段656號B1","","06:00:00-24:00:00","","09 運動場館或設施營建業","健身房","42455636","25.0498588,121.5733293"
"276","智澄體能有限公司","就是肌力體能訓練中心","02-23653817","臺北市中正區金門街2-5號1樓","","10:00:00-22:00:00","","09 運動場館或設施營建業","健身房","50843054","25.023390, 121.524856"
"277","蜂動有限公司","BeeFit蜂運動寧波教室","02-33933227","臺北市中正區寧波西街79號","","10:00:00-21:30:00 10:00:00-16:","","09 運動場館或設施營建業","健身房","24745120","25.030468, 121.516788"
"278","天策運動事業有限公司","Forge打鐵健身","02-25643911","臺北市中山區林森北路133巷67號B1","forgegym2016@gmail.com","13:00:00-22:00:00","","09 運動場館或設施營建業","健身房","43901281","25.050961, 121.527454"
"279","全創適能有限公司","植健身FIT PLANT GYM","02-25221152","臺北市中山區中山北路1段33巷25號1樓","fitplantgym@gmail.com","07:00:00-23:00:00","","09 運動場館或設施營建業","健身房","50751836","25.056245, 121.522971"
"280","橡體有限公司","橡體有限公司","02-25221152","臺北市中山區中山北路1段33巷25號2樓","fitplantgym@gmail.com","07:00:00-23:00:00","","09 運動場館或設施營建業","健身房","82799741","25.056245, 121.522971"
"281","明靚企業社","X-fit studio體適能健體空間","02-25622296","臺北市中山區中山北路2段56號3，4樓","","10:00:00-22:00:00","","09 運動場館或設施營建業","健身房","26783773","25.056666, 121.522514"
"282","佰藝舞蹈體適能股份有限公司","WAO","02-25775525","臺北市松山區八德路3段34號B1","","09:00:00-22:00:00","","09 運動場館或設施營建業","舞蹈","42849745","25.0480633,121.5497642"
"283","龍品國際開發有限公司八德門市","全民運動健身中心八德店","02-25770921","臺北市松山區八德路3段36號B1","miraclegrowth0508@gmail.com","07:30:00-00:30:00","","09 運動場館或設施營建業","健身房","42442598","25.0480612,121.5499441"
"284","原力健康事業股份有限公司小巨蛋營業所","Force Fitness小巨蛋店","02-25770838","臺北市松山區八德路3段120號2樓，2樓之1，2樓之2，2樓之3，2樓之4，2樓之5，2樓之6","","10:00:00-22:00:00","","09 運動場館或設施營建業","健身房","42369668","25.0480317,121.5518653"
"285","凱羅斯健康有限公司","練健康","02-25074196","臺北市中山區南京東路3段29號B1","lkk@l-kk.tw","10:00:00-22:00:00","","09 運動場館或設施營建業","健身房","50780677","25.0522498,121.5357953"
"286","優曲線國際有限公司","Curves南京復興店","02-27118908","臺北市中山區南京東路3段208號5樓","fuxing@curves.con.tw","11:30:00-13:30:00 13:30:00-15:","","09 運動場館或設施營建業","健身房","28685643","25.0516778,121.541003"
"287","高盛健身事業股份有限公司","GO GYM健身俱樂部巨蛋館","02-25796565","臺北市松山區南京東路4段2號","mrc_ta@gogym.com.tw","07:00:00-23:00:00","","09 運動場館或設施營建業","健身房","50798059","25.0507981,121.5477009"
"288","台北健身中心有限公司","台北運動健身中心","02-25212717","臺北市中山區民生東路1段29號B1","nina199201@gmail.com","24HR","","09 運動場館或設施營建業","健身房","52203174","25.058265, 121.525085"
"289","布勒斯運動顧問股份有限公司","布勒斯運動顧問","02-25158508","臺北市中山區復興北路446號","","11:00:00-22:00:00","","09 運動場館或設施營建業","健身房","42835290","25.063969, 121.544014"
"290","貝拉拉有限公司","Curves民權龍江店","02-25093303","臺北市中山區民權東路3段21號7樓","","11:30:00-13:30:00 13:30:00-15:","","09 運動場館或設施營建業","健身房","53929858","25.062647, 121.541697"
"291","極塑股份有限公司松民分公司","Super FIT松江民權館","02-77031947","臺北市中山區建國北路二段123號2樓","kobe70099@gmail.com","09:00:00-22:00:00","","09 運動場館或設施營建業","健身房","75974010","25.061172, 121.534028"
"292","鑫趨勢國際資本股份有限公司","PULSE Gym台北建國店","02-25157800","臺北市中山區建國北路1段96號1樓","","09:00:00-24:00:00","","09 運動場館或設施營建業","健身房","82871010","25.050301, 121.536462"
"293","申展健康事業有限公司","Curves建國長春店","02-25152827","臺北市中山區建國北路2段74號3樓","","11:30:00-14:30:00 14:30:00-17:","","09 運動場館或設施營建業","健身房","53559047","25.055106, 121.536419"
"294","伊格運動有限公司","EAGER SPORT","02-27505036","臺北市松山區八德路3段2號10樓之3","eagersport1234@gmail.com","09:00:00-22:00:00","","09 運動場館或設施營建業","體適能","52557529","25.048163120033404, 121.54944936892205"
"295","頗行健體有限公司","VShape 頗行健體運動空間","987279287","臺北市中山區長春路61巷27號及29號","","10:00:00-22:00:00","","09 運動場館或設施營建業","健身房","85068347","25.055086, 121.526276"
"296","駱希有限公司","Curves劍潭店","02-28821987","臺北市士林區承德路4段191號2樓，2樓之1","Jiantan@curves.com.tw","11:00:00-20:30:00","","09 運動場館或設施營建業","健身房","42837641","25.088367, 121.522439"
"297","優曲線國際有限公司松山分公司","Curves南京小巨蛋店","02-25798181","臺北市松山區南京東路4段50號4樓之2","cnc@curves.com.tw","11:00:00-13:30:00 15:00:00-20:","","09 運動場館或設施營建業","健身房","24543573","25.0514638,121.5512479"
"298","窩糕運動事業有限公司","WORKOUT SPORTS","27491991","臺北市松山區南京東路5段84號2樓","workoutsportstw@gmail.com","預約制","","09 運動場館或設施營建業","健身房","42829240","25.0513928,121.5427243"
"299","利百加健康事業有限公司","Curves南京三民店","02-27483316","臺北市松山區南京東路5段202號3樓之5","Curves_nj@curves.com.tw","11:00:00-13:30:00 15:30:00-20:","","09 運動場館或設施營建業","健身房","29043289","25.0512305,121.5626056"
"300","康綠企業社","X Jumping 跳床健康俱樂部(民生店)","02-27422207","臺北市松山區南京東路5段268號3樓","","09:00:00-21:30:00","","09 運動場館或設施營建業","體適能","26785391","25.0513928,121.5427243"
"301","統一佳佳股份有限公司民生分公司","統一健身俱樂部台北民生館","02-27673148","臺北市松山區民生東路5段149號B1","se00@mail.deing.com.tw","07:00:00-23:00:00","","09 運動場館或設施營建業","健身房","80178859","25.0590537,121.5600849"
"302","肌擊有限公司","肌擊Office","910277135","臺北市松山區民生東路5段204之2號1樓","","預約制","","09 運動場館或設施營建業","武術","50871353","25.0582099,121.5625833"
"303","荷聲健康促進有限公司","Curves士林店","02-28341248","臺北市士林區中山北路5段687號2樓之1","Shilin@curves.com.tw","09:00:00-12:00:00 16:00:00-21:","","09 運動場館或設施營建業","健身房","29064495","25.097515, 121.527246"
"304","台灣威凌克股份有限公司可爾斯天母一號分公司","Curves天母店","02-28766108","臺北市士林區天母西路3號3樓之11","Tianmu@curves.com.tw","11:00:00-13:30:00 16:00:00-20:","","09 運動場館或設施營建業","健身房","28678087","25.118850, 121.529234"
"305","芳鄰健身事業有限公司","芳鄰健身 Family Gym景美店","02-77032559","臺北市文山區羅斯福路6段130號地下室","familygym168@gmail.com","07:00:00-24:00:00","","09 運動場館或設施營建業","健身房","72968438","24.997444, 121.540410"
"306","承新國際管理顧問股份有限公司文山分公司","IN GYM樂康健身俱樂部","02-86632618","臺北市文山區景隆街36巷2號2樓","ingym88@gmail.com","07:00:00-23:00:00","","09 運動場館或設施營建業","健身房","66474416","24.998830, 121.543378"
"307","好享瘦國際有限公司","Curves景美店","02-29315118","臺北市文山區景文街46-1號3樓","jingmei@curves.com.tw","11:00:00–13:00:00 15:00:00–21:","","09 運動場館或設施營建業","健身房","53732264","24.991662, 121.541227"
"308","拳適能館","Dream Fit拳適能訓練中心","977169745","臺北市文山區景美街1-4號1樓及B1","","10:00:00-22:00:00","","09 運動場館或設施營建業","健身房","50662980","24.994308, 121.541721"
"309","盛璿顧問有限公司","Curves文山保儀店","02-29381515","臺北市文山區保儀路11號4樓之1","paoyi@curves.com.tw","14:30:00-20:30:00","","09 運動場館或設施營建業","健身房","54365370","24.988896, 121.568643"
"310","全球動競健康有限公司","運動學 Fitology","02-29315887","臺北市文山區興隆路2段252號B1","info@fitology.fsite","07:00:00-24:00:00","","09 運動場館或設施營建業","健身房","50891843","25.000763, 121.554231"
"311","巨力達有限公司","台北市健力訓練站","913299211","臺北市北投區大同街137號1樓","","學員制","","09 運動場館或設施營建業","健身房","50775555","25.135063, 121.498583"
"312","武甲運動事業有限公司大直分公司","MARTIAL ARMOUR MMA＆FITNESS大直館","02-26277701","臺北市內湖區內湖路1段49號B1","dazhi@wu-ja.com","14:00:00-22:00:00","","09 運動場館或設施營建業","武術","42978254","25.085193, 121.559437"
"313","鑫辰體能股份有限公司","鑫民有限公司(練一下成功店)","02-27906068","臺北市內湖區成功路3段145號","gymcube.tw@gmail.com","私人運動班 預約制","","09 運動場館或設施營建業","健身房","52588115","25.079619, 121.589997"
"314","極強股份有限公司內湖分公司","極強股份有限公司內湖分公司","02-27956808","臺北市內湖區民善街88號","","06:00:00-24:00:00","","09 運動場館或設施營建業","健身房","24616028","25.060463, 121.575287"
"315","匯陽百貨事業股份有限公司臺北市網球中心分公司","臺北市網球中心附設健身房","02-27951166","臺北市內湖區民權東路6段208號"," taipei.tennis.center@gmail.com","06:00:00-22:00:00","","09 運動場館或設施營建業","健身房","52674619","25.067619, 121.596913"
"316","龍品國際開發有限公司內湖第2門市","全民運動健身中心內湖店","02-26581155","臺北市內湖區港墘路221巷33號2樓","miraclegrowth0508@gmail.com","07:30:00-24:00:00","","09 運動場館或設施營建業","健身房","42547832","25.073906, 121.574758"
"317","台灣健康前沿股份有限公司內湖營業所","JOY FIT24","02-26270032","臺北市內湖區文德路100號1至2樓","fencatse@wftaiwan.com.tw","學員預約制","","09 運動場館或設施營建業","健身房","42527316","25.078435, 121.582662"
"318","長庚生物科技股份有限公司健康中心暨身心靈轉化中心","長庚生物科技股份有限公司健康中心暨身心靈轉化中心","02-27122211","臺北市松山區民生東路4段54之3號","","07:30:00-17:30:00","","09 運動場館或設施營建業","健身房","29249228","25.0577076,121.5488562"
"319","給力健身房","給力健身房","02-27919998","臺北市松山區民生東路3段128號B1","","24HR","","09 運動場館或設施營建業","健身房","50787237","25.0575132,121.5437764"
"320","可芙士有限公司","Curves圓山花博店","02-25997138","臺北市大同區承德路3段229號3樓之4","Yuanshan@curves.com.tw","11:15:00-13:15:00 16:15:00-20:","","09 運動場館或設施營建業","健身房","53954883","25.0705416,121.5165187"
"321","健鑫體適能有限公司","Free Power運動訓練","","臺北市中山區新生北路1段83號B1","","預約制","","09 運動場館或設施營建業","體適能","50766057","25.0508548,121.526117"
"322","佳仕旺國際有限公司忠孝新生店","Curves忠孝新生店","02-23435333","臺北市中正區新生南路1段60號3樓","","10:30:00-13:30:00 16:00:00-20:","","09 運動場館或設施營建業","健身房","31896220","25.040676,121.530395"
"323","汎宇創新有限公司","FIT Taiwan","02-27212911","臺北市大安區敦化南路1段232巷6號地下1樓","ebuckcation@fit.taiwan","預約制","","09 運動場館或設施營建業","體適能","52810987","25.0367989,121.5462148"
"324","數字進化有限公司","59Fitness客製化運動空間","02-27000559","臺北市大安區敦化南路2段59號地下1樓","595959fitness@gmail.com","08:00:00-22:00:00","","09 運動場館或設施營建業","體適能","52810987","25.0313365,121.5471493"
"325","台北健身用品店","台北健身院新生店","02-23632298","臺北市大安區新生南路3段58號地下1樓","","06:00:00-24:00:00","","09 運動場館或設施營建業","健身房","18098048","25.020377,121.5316506"
"326","極塑股份有限公司忠孝復興門市","Super FIT忠孝復興館","02-77053268","臺北市大安區忠孝東路3段227號之2號2樓","","私人運動班 預約制","","09 運動場館或設施營建業","健身房","42553263","25.0418869,121.5380261"
"327","國榮桌球館","國榮桌球古亭館","2368-8818","臺北市中正區和平西路1段34號2樓","","","","09 運動場館或設施營建業","桌球","53089714","25.026729614356974, 121.52044021309793"
"328","市立大學天母校區附設游泳池","臺北市立大學","2871-8288","臺北市士林區忠誠路2段101號","","","","09 運動場館或設施營建業","游泳","3763109","25.114257754226436, 121.53700953946439"
"329","運博國際股份有限公司","前港公園游泳池","2785-9791","臺北市士林區前港街45號","Pluto740803@gmail.com","","","09 運動場館或設施營建業","游泳","38539629","25.0855299,121.5183611"
"330","正中日體育事業股份有限公司士林營業所","葫蘆國小","2811-1155","臺北市士林區環河北路3段95號","","","","09 運動場館或設施營建業","游泳","26306809","25.084183675971854, 121.50741498241696"
"331","運博國際股份有限公司","克強公園游泳池","2556-2056","臺北市士林區磺溪街55巷2號","Pluto740803@gmail.com","","","09 運動場館或設施營建業","游泳","54686942","25.1077262,121.5197669"
"332","國立臺灣師範大學游泳館","國立臺灣師範大學","7734-3181","臺北市大安區和平東路1段162號","","","","09 運動場館或設施營建業","游泳","3735202","25.0254364651295, 121.52616437801763"
"333","長佳機電工程股份有限公司","國立臺北教育大學泳健館","2733-1588","臺北市大安區和平東路2段134號","","","","09 運動場館或設施營建業","游泳","74703791","25.02244574301156, 121.54416894008654"
"334","統帥遊樂場","統帥遊樂場","7784-5392","臺北市大安區忠孝東路4段197號9樓之8之10","","","","09 運動場館或設施營建業","撞球","77845392","25.042016565178567, 121.55116344008697"
"335","雀斯納國際有限公司","市立龍門國中","2737-3717","臺北市大安區建國南路2段269號","","","","09 運動場館或設施營建業","游泳","76236076","25.02488209427435, 121.53813496949213"
"336","國立臺灣科技大學游泳池","國立臺灣科技大學","2737-6503分機6912","臺北市大安區基隆路4段43號","","","","09 運動場館或設施營建業","游泳","4126516","25.013373425861616, 121.54022642659208"
"337","台北市美僑協會","台北市美僑協會游泳池","2885-8260分機358","臺北市中山區北安路47號","","","","09 運動場館或設施營建業","游泳","1348275","25.078117564565453, 121.52837588980229"
"338","戀依佳瑜珈工作室有限公司","戀依佳瑜珈工作室有限公司","2521-6365","臺北市中山區民權西路70號8樓","","","","09 運動場館或設施營建業","瑜珈","52240419","25.062642658627084, 121.51985099775757"
"339","索莉雅太陽瑜珈有限公司","索莉雅太陽瑜珈有限公司Sujit-Sauryayoga","2521-5627","臺北市中山區松江路192號6樓之1","","","","09 運動場館或設施營建業","瑜珈","54649813","25.057005083966146, 121.53289166892222"
"340","日榮桌球館","國榮桌球行天宮館","2518-9262","臺北市中山區松江路283號3樓","","","","09 運動場館或設施營建業","桌球","38455450","25.06026085938387, 121.53345424008701"
"341","健康美氧身工坊","健康美氧身工坊","2505-2777","臺北市中山區南京東路2段172號4樓","","","","09 運動場館或設施營建業","健身房","13112302","25.051971132917416, 121.53446836892213"
"342","巧克叔叔體育用品社","巧克叔叔體育用品社","2507-5977","臺北市中山區龍江路329號B1","","","","09 運動場館或設施營建業","撞球","42353390","25.062856619740913, 121.54101854008717"
"343","撞球家族撞球場","撞球家族撞球場","2368-4928","臺北市中正區和平西路1段68號地下1樓","","","","09 運動場館或設施營建業","撞球","78377939","25.026310791711595, 121.51935489775715"
"344","A-ONE撞球運動場","A-ONE撞球運動場","2389-8833","臺北市中正區忠孝西路1段45號地下1、2樓","","","","09 運動場館或設施營建業","撞球","17547026","25.046380147455384, 121.51795118454856"
"345","臺北市立大學","臺北市立大學博愛校區附設泳池","2311-3040","臺北市中正區愛國西路1號","","","","09 運動場館或設施營建業","游泳","3763109","25.036514038348255, 121.51625525997638"
"346","匯陽百貨事業股份有限公司臺北市網球中心分公司","臺北市網球中心","2795-1166","臺北市內湖區民權東路6段208號","","","","09 運動場館或設施營建業","網球","52674619","25.067755431016348, 121.59697745542785"
"347","環保局內湖垃圾焚化廠","葫蘆洲運動公園游泳池〈內湖垃圾焚化廠〉","2796-1833分機362","臺北市內湖區安康路290號","","","","09 運動場館或設施營建業","游泳","967662","25.062061653828, 121.60438557573734"
"348","大勝體育事業有限公司","博嘉運動公園游泳池〈木柵垃圾焚化廠〉","2239-5494","臺北市文山區木柵路4段159巷16號","","","","09 運動場館或設施營建業","游泳","83540593","25.00124754005456, 121.57546563368322"
"349","恆動力有限公司","萬興國小","2938-1721","臺北市文山區秀明路2段114號","","","","09 運動場館或設施營建業","游泳","75957455","24.99014692577203, 121.5756495094047"
"350","國立政治大學","國立政治大學游泳館","2939-3091分機62961、62960","臺北市文山區指南路2段64號","","","","09 運動場館或設施營建業","游泳","3807654","24.985396158351765, 121.57753818241585"
"351","駿斯運動事業股份有限公司","景美游泳池附設健身房","2935-6931","臺北市文山區羅斯福路5段176巷50號","","","","09 運動場館或設施營建業","健身房","66601546","25.004202850041935, 121.53625794008634"
"352","臺北大眾捷運股份有限公司","臺北捷運公司北投會館游泳池","2893-0105分機8320","臺北市北投區大業路527巷88號","","","","09 運動場館或設施營建業","游泳","84894989","25.13475045577473, 121.4837747112528"
"353","運博國際股份有限公司","天溪綠地游泳池","2871-3794","臺北市北投區中山北路7段219巷3弄170號","Pluto740803@gmail.com","","","09 運動場館或設施營建業","游泳","54686942","25.128952519123487, 121.53104065358245"
"354","筑燕休閒事業股份有限公司陽明營業所","國立陽明大學游泳池","2820-6000","臺北市北投區立農街2段155號","","","","09 運動場館或設施營建業","游泳","42305089","25.12268616695525, 121.51422531683691"
"355","運博國際股份有限公司","七虎公園游泳池","2891-2759","臺北市北投區育仁路108號","Pluto740803@gmail.com","","","09 運動場館或設施營建業","游泳","76320377","25.136644465413287, 121.5013251419345"
"356","運博國際有限公司","前山公園游泳池","8786-1911分機305","臺北市北投區建國街4號","Pluto740803@gmail.com","","","09 運動場館或設施營建業","游泳","76320361","25.151659415908497, 121.54830376892345"
"357","頂尖運動行銷股份有限公司松山營業所","松山國小","2550-8081","臺北市松山區八德路4段746號","","","","09 運動場館或設施營建業","游泳","38652868","25.051089756138378, 121.57787739775739"
"358","京庚健康世界股份有限公司民生分公司","世界健身中心民生店","8712-8200","臺北市松山區民生東路3段156號B1","","","","09 運動場館或設施營建業","健身房","53600833","25.05763980349734, 121.5476761842631"
"359","肌擊有限公司","肌擊Office","0970-132286","臺北市松山區民生東路5段204之2號1樓","","","","09 運動場館或設施營建業","健身房","50871353","25.058406145111434, 121.56464544008695"
"360","汐游寶寶有限公司","汐游寶寶","2577-8555","臺北市松山區南京東路4段2號B1","","","","09 運動場館或設施營建業","游泳","24770485","25.05103627382926, 121.54987886892216"
"361","忻慈健康事業股份有限公司(忻瑜珈Shing Yoga)","忻瑜珈Shing Yoga","2715-2323","臺北市松山區復興北路369號2樓","","","","09 運動場館或設施營建業","瑜珈","53947933","25.062629239963215, 121.54475789775749"
"362","優伯行銷顧問有限公司三民公園分公司","三民公園游泳池","8787-6527","臺北市松山區撫遠街298號","yu@yob.tw","05:30-10:00,10:30-22:00","現金-晨泳時段0530-0730-一般票50元；敬老票25元；全日時段0730-2130-全票110元；優待票80元；兒童票55元；敬老票50元；","09 運動場館或設施營建業","游泳","35484165","25.06120857179761, 121.56643966528095"
"363","財團法人台北市中華基督教青年會","台北市中華基督教青年會永吉會館","2763-1261","臺北市信義區永吉路500號","","","","09 運動場館或設施營建業","游泳","13844762","25.045444524776148, 121.5798798112518"
"364","國榮桌球館","國榮桌球信義館","2708-8488","臺北市信義區光復南路432號2樓","","","","09 運動場館或設施營建業","桌球","26304534","25.036371599073703, 121.55725469775713"
"365","臺北醫學大學","臺北醫學大學","2739-9118 2236~1661分機2273","臺北市信義區吳興街250號","","","","09 運動場館或設施營建業","游泳","3724606","25.025174960121642, 121.5618542130978"
"366","有誼撞球運動館","有誼撞球運動館","8785-2797","臺北市信義區忠孝東路5段669號地下1樓","","","","09 運動場館或設施營建業","撞球","83934610","25.04228496940436, 121.57967024008673"
"367","舞動陽光有限公司博愛營業所","博愛國小","8789-2525","臺北市信義區松仁路95巷20號","wdyg202004@gmail.com","","","09 運動場館或設施營建業","游泳","28726861","25.036538240309955, 121.57094586892212"
"368","舞動陽光有限公司玉成營業所","玉成公園游泳池","2727-1075","臺北市南港區中坡南路55號","wdyg202008@gmail.com","","","09 運動場館或設施營建業","游泳","42484219","25.04300289096846, 121.5848113689221"
"369","舞動陽光有限公司南港營業所","成德國中運動中心","02-27825000","臺北市南港區東新街108巷23號","wdyg202002@gmail.com","","","09 運動場館或設施營建業","游泳","26262936","25.044806565605587, 121.58767109221826"
"370","緯創運動行銷有限公司南港國小運動中心","南港國小","3762-1518","臺北市南港區惠民街67號","","","","09 運動場館或設施營建業","游泳","42402408","25.0578435418761, 121.61077855743115"
"371","原岩運動顧問有限公司","原岩攀岩館","2266-5252","臺北市萬華區大理街149號","","","","09 運動場館或設施營建業","攀岩","69721904","25.034470202088055, 121.49695658426265"
"372","運博國際股份有限公司","青年公園游泳池","2546-5778","臺北市萬華區水源路199號","Pluto740803@gmail.com","","","09 運動場館或設施營建業","游泳","31976595","25.02350670659757, 121.50696135542736"
"373","舞動陽光有限公司萬華營業所","華江高中","2339-6689","臺北市萬華區西藏路213號","wdyg202011@gmail.com","","","09 運動場館或設施營建業","游泳","72958092","25.02817255489608, 121.49711404008673"
"374","巨浪運動事業有限公司","TMMA台北格鬥運動館天母館","28340000","臺北市士林區中山北路六段340號","tmma54361705@gmail.com","","","null","綜合武術格鬥","54361705","25.111893470937677, 121.52600927027348"
"375","颶風運動事業有限公司","TMMA台北格鬥運動館忠孝館","87719195","台北市仁愛路四段27巷22號B1","kelvin_lo@tmma.com.tw","","","null","綜合武術格鬥","","25.040446613052932, 121.5451301996036"
"376","舞動陽光有限公司玉成營業所","木柵公園游泳池","02-22342863","興隆路四段50號","wdyg202016@gmail.com","","","null","游泳","","24.98708952915933, 121.56049098426209"
"377","星哲企業股份有限公司","大湖公園游泳池","02-25500996","","ying9950@gmail.com","","","null","游泳","90897689","25.082746974238944, 121.60383694775766"
"378","星哲企業股份有限公司","玉泉公園游泳池","25500996","","ying9950@gmail.com","","","null","游泳","90896859","25.050285937691104, 121.50766161679067"
"379","長佳機電工程股份有限公司","臺北和平籃球館","66170101","敦南街76巷28號","webberlin@changjia.com.tw","","","null","球場","84271478","25.021451381376806, 121.5451549363939"
"380","駿斯運動事業股份有限公司新生公園分公司","新生公園游泳池","25953997","","sportinfo@dreamstake.com.tw","","","null","游泳","83380569","25.068793065835372, 121.53172818426306"
"381","駿斯運動事業股份有限公司碧湖公園分公司","碧湖公園游泳池","29356931","","sportinfo@dreamstake.com.tw","","","null","游泳","83209363","25.082946473969553, 121.5811619094059"
"382","天下大同","Wfitness","","臺北市大同區甘谷街23號","wfitness369@gmail.com","","","01 職業或業餘運動業","健身房","90867475","25.05320655294839, 121.51104899775743"
"383","環球運動行銷股份有限公司","環球兒童運動學院","","臺北市內湖區星雲街150巷32號 B1","evahappy02@yahoo.com.tw","","","null","兒童體操","28458204","25.079626130444666, 121.59654544008728"
"384","香港商宇曦健康顧問有限公司","xarefit享健身","(02)2325-0711","台北市內湖區成功路四段168號B2","cs@xarefit.com","06:00-23:00","訂閱制會籍","null","健身房","42954865","25.083423641445304, 121.59297605358182"
"385","駿達船務代理股份有限公司","臺北網球場","","臺北市松山區南京東路四段6號","sarah.li@oecsportsmarketing.com","","","null","網球","28687924","25.051566614095268, 121.5512447824165"
"386","星哲企業股份有限公司","大湖公園游泳池附設健身房","02-25500996","臺北市內湖區成功路五段31號","ying9950@gmail.com","","","null","健身房","90897689","25.083038095678358, 121.60395404193379"
